  0.0,-2291338.038, 2065548.676,-6060952.470
  0.1,-2290873.723, 2065051.866,-6061296.532
  0.2,-2290409.387, 2064555.023,-6061640.517
  0.3,-2289945.029, 2064058.147,-6061984.426
  0.4,-2289480.650, 2063561.239,-6062328.258
  0.5,-2289016.249, 2063064.297,-6062672.013
  0.6,-2288551.826, 2062567.324,-6063015.692
  0.7,-2288087.382, 2062070.317,-6063359.294
  0.8,-2287622.917, 2061573.278,-6063702.819
  0.9,-2287158.430, 2061076.206,-6064046.267
  1.0,-2286693.922, 2060579.101,-6064389.639
  1.1,-2286229.392, 2060081.964,-6064732.933
  1.2,-2285764.841, 2059584.794,-6065076.152
  1.3,-2285300.268, 2059087.591,-6065419.293
  1.4,-2284835.673, 2058590.356,-6065762.358
  1.5,-2284371.058, 2058093.088,-6066105.345
  1.6,-2283906.420, 2057595.788,-6066448.256
  1.7,-2283441.762, 2057098.455,-6066791.091
  1.8,-2282977.082, 2056601.089,-6067133.848
  1.9,-2282512.380, 2056103.691,-6067476.529
  2.0,-2282047.657, 2055606.260,-6067819.133
  2.1,-2281582.913, 2055108.796,-6068161.660
  2.2,-2281118.147, 2054611.300,-6068504.111
  2.3,-2280653.360, 2054113.771,-6068846.484
  2.4,-2280188.551, 2053616.210,-6069188.781
  2.5,-2279723.722, 2053118.616,-6069531.001
  2.6,-2279258.870, 2052620.989,-6069873.145
  2.7,-2278793.998, 2052123.330,-6070215.211
  2.8,-2278329.103, 2051625.638,-6070557.201
  2.9,-2277864.188, 2051127.914,-6070899.113
  3.0,-2277399.251, 2050630.157,-6071240.949
  3.1,-2276934.293, 2050132.368,-6071582.709
  3.2,-2276469.313, 2049634.546,-6071924.391
  3.3,-2276004.313, 2049136.692,-6072265.996
  3.4,-2275539.290, 2048638.805,-6072607.525
  3.5,-2275074.247, 2048140.885,-6072948.977
  3.6,-2274609.182, 2047642.933,-6073290.352
  3.7,-2274144.096, 2047144.949,-6073631.650
  3.8,-2273678.988, 2046646.932,-6073972.871
  3.9,-2273213.859, 2046148.882,-6074314.016
  4.0,-2272748.709, 2045650.800,-6074655.083
  4.1,-2272283.538, 2045152.686,-6074996.074
  4.2,-2271818.345, 2044654.539,-6075336.987
  4.3,-2271353.131, 2044156.359,-6075677.824
  4.4,-2270887.896, 2043658.148,-6076018.584
  4.5,-2270422.639, 2043159.903,-6076359.267
  4.6,-2269957.362, 2042661.626,-6076699.874
  4.7,-2269492.063, 2042163.317,-6077040.403
  4.8,-2269026.742, 2041664.975,-6077380.856
  4.9,-2268561.401, 2041166.601,-6077721.231
  5.0,-2268096.038, 2040668.195,-6078061.530
  5.1,-2267630.654, 2040169.756,-6078401.751
  5.2,-2267165.249, 2039671.284,-6078741.896
  5.3,-2266699.823, 2039172.780,-6079081.964
  5.4,-2266234.375, 2038674.244,-6079421.955
  5.5,-2265768.906, 2038175.675,-6079761.869
  5.6,-2265303.416, 2037677.074,-6080101.706
  5.7,-2264837.905, 2037178.441,-6080441.466
  5.8,-2264372.373, 2036679.775,-6080781.149
  5.9,-2263906.819, 2036181.077,-6081120.756
  6.0,-2263441.244, 2035682.346,-6081460.285
  6.1,-2262975.648, 2035183.583,-6081799.737
  6.2,-2262510.031, 2034684.788,-6082139.113
  6.3,-2262044.393, 2034185.960,-6082478.411
  6.4,-2261578.734, 2033687.100,-6082817.633
  6.5,-2261113.053, 2033188.208,-6083156.777
  6.6,-2260647.351, 2032689.283,-6083495.845
  6.7,-2260181.629, 2032190.326,-6083834.835
  6.8,-2259715.885, 2031691.337,-6084173.749
  6.9,-2259250.120, 2031192.315,-6084512.585
  7.0,-2258784.334, 2030693.261,-6084851.345
  7.1,-2258318.527, 2030194.175,-6085190.027
  7.2,-2257852.698, 2029695.056,-6085528.633
  7.3,-2257386.849, 2029195.905,-6085867.162
  7.4,-2256920.978, 2028696.722,-6086205.613
  7.5,-2256455.087, 2028197.506,-6086543.988
  7.6,-2255989.174, 2027698.259,-6086882.285
  7.7,-2255523.240, 2027198.978,-6087220.506
  7.8,-2255057.286, 2026699.666,-6087558.649
  7.9,-2254591.310, 2026200.322,-6087896.716
  8.0,-2254125.313, 2025700.945,-6088234.705
  8.1,-2253659.295, 2025201.536,-6088572.617
  8.2,-2253193.256, 2024702.094,-6088910.453
  8.3,-2252727.196, 2024202.621,-6089248.211
  8.4,-2252261.115, 2023703.115,-6089585.892
  8.5,-2251795.013, 2023203.577,-6089923.496
  8.6,-2251328.890, 2022704.007,-6090261.023
  8.7,-2250862.746, 2022204.404,-6090598.473
  8.8,-2250396.581, 2021704.770,-6090935.846
  8.9,-2249930.395, 2021205.103,-6091273.142
  9.0,-2249464.188, 2020705.404,-6091610.361
  9.1,-2248997.960, 2020205.673,-6091947.503
  9.2,-2248531.711, 2019705.909,-6092284.567
  9.3,-2248065.442, 2019206.114,-6092621.555
  9.4,-2247599.151, 2018706.286,-6092958.465
  9.5,-2247132.839, 2018206.426,-6093295.299
  9.6,-2246666.506, 2017706.534,-6093632.055
  9.7,-2246200.153, 2017206.610,-6093968.734
  9.8,-2245733.778, 2016706.653,-6094305.336
  9.9,-2245267.383, 2016206.665,-6094641.861
 10.0,-2244800.966, 2015706.644,-6094978.309
 10.1,-2244334.529, 2015206.591,-6095314.679
 10.2,-2243868.070, 2014706.506,-6095650.973
 10.3,-2243401.591, 2014206.389,-6095987.189
 10.4,-2242935.091, 2013706.240,-6096323.328
 10.5,-2242468.570, 2013206.059,-6096659.391
 10.6,-2242002.029, 2012705.845,-6096995.376
 10.7,-2241535.466, 2012205.600,-6097331.283
 10.8,-2241068.882, 2011705.323,-6097667.114
 10.9,-2240602.278, 2011205.013,-6098002.867
 11.0,-2240135.653, 2010704.671,-6098338.544
 11.1,-2239669.007, 2010204.298,-6098674.143
 11.2,-2239202.340, 2009703.892,-6099009.665
 11.3,-2238735.652, 2009203.454,-6099345.110
 11.4,-2238268.943, 2008702.984,-6099680.477
 11.5,-2237802.214, 2008202.482,-6100015.768
 11.6,-2237335.463, 2007701.948,-6100350.981
 11.7,-2236868.692, 2007201.382,-6100686.117
 11.8,-2236401.900, 2006700.784,-6101021.176
 11.9,-2235935.088, 2006200.154,-6101356.158
 12.0,-2235468.254, 2005699.492,-6101691.062
 12.1,-2235001.400, 2005198.797,-6102025.889
 12.2,-2234534.525, 2004698.071,-6102360.640
 12.3,-2234067.629, 2004197.313,-6102695.312
 12.4,-2233600.713, 2003696.523,-6103029.908
 12.5,-2233133.775, 2003195.701,-6103364.426
 12.6,-2232666.817, 2002694.847,-6103698.867
 12.7,-2232199.838, 2002193.961,-6104033.231
 12.8,-2231732.839, 2001693.043,-6104367.518
 12.9,-2231265.819, 2001192.093,-6104701.728
 13.0,-2230798.777, 2000691.111,-6105035.860
 13.1,-2230331.716, 2000190.097,-6105369.915
 13.2,-2229864.633, 1999689.051,-6105703.892
 13.3,-2229397.530, 1999187.974,-6106037.793
 13.4,-2228930.406, 1998686.864,-6106371.616
 13.5,-2228463.262, 1998185.722,-6106705.362
 13.6,-2227996.096, 1997684.549,-6107039.030
 13.7,-2227528.910, 1997183.343,-6107372.622
 13.8,-2227061.704, 1996682.106,-6107706.136
 13.9,-2226594.476, 1996180.837,-6108039.572
 14.0,-2226127.228, 1995679.536,-6108372.932
 14.1,-2225659.960, 1995178.203,-6108706.214
 14.2,-2225192.671, 1994676.838,-6109039.419
 14.3,-2224725.361, 1994175.441,-6109372.547
 14.4,-2224258.030, 1993674.012,-6109705.597
 14.5,-2223790.679, 1993172.552,-6110038.570
 14.6,-2223323.307, 1992671.059,-6110371.466
 14.7,-2222855.915, 1992169.535,-6110704.284
 14.8,-2222388.501, 1991667.979,-6111037.025
 14.9,-2221921.068, 1991166.391,-6111369.689
 15.0,-2221453.614, 1990664.771,-6111702.275
 15.1,-2220986.139, 1990163.120,-6112034.784
 15.2,-2220518.643, 1989661.436,-6112367.216
 15.3,-2220051.127, 1989159.721,-6112699.570
 15.4,-2219583.591, 1988657.974,-6113031.847
 15.5,-2219116.033, 1988156.195,-6113364.047
 15.6,-2218648.456, 1987654.384,-6113696.169
 15.7,-2218180.857, 1987152.542,-6114028.214
 15.8,-2217713.238, 1986650.668,-6114360.181
 15.9,-2217245.599, 1986148.762,-6114692.071
 16.0,-2216777.939, 1985646.824,-6115023.884
 16.1,-2216310.259, 1985144.854,-6115355.620
 16.2,-2215842.558, 1984642.853,-6115687.278
 16.3,-2215374.836, 1984140.820,-6116018.858
 16.4,-2214907.094, 1983638.755,-6116350.362
 16.5,-2214439.332, 1983136.659,-6116681.787
 16.6,-2213971.549, 1982634.530,-6117013.136
 16.7,-2213503.745, 1982132.370,-6117344.407
 16.8,-2213035.921, 1981630.178,-6117675.601
 16.9,-2212568.076, 1981127.955,-6118006.717
 17.0,-2212100.211, 1980625.700,-6118337.756
 17.1,-2211632.326, 1980123.413,-6118668.717
 17.2,-2211164.420, 1979621.094,-6118999.601
 17.3,-2210696.494, 1979118.744,-6119330.408
 17.4,-2210228.547, 1978616.362,-6119661.137
 17.5,-2209760.580, 1978113.948,-6119991.789
 17.6,-2209292.592, 1977611.503,-6120322.363
 17.7,-2208824.584, 1977109.026,-6120652.860
 17.8,-2208356.555, 1976606.517,-6120983.279
 17.9,-2207888.507, 1976103.977,-6121313.621
 18.0,-2207420.437, 1975601.405,-6121643.886
 18.1,-2206952.347, 1975098.801,-6121974.073
 18.2,-2206484.237, 1974596.166,-6122304.182
 18.3,-2206016.107, 1974093.499,-6122634.214
 18.4,-2205547.956, 1973590.800,-6122964.169
 18.5,-2205079.784, 1973088.070,-6123294.046
 18.6,-2204611.593, 1972585.308,-6123623.845
 18.7,-2204143.381, 1972082.515,-6123953.568
 18.8,-2203675.148, 1971579.690,-6124283.212
 18.9,-2203206.895, 1971076.833,-6124612.779
 19.0,-2202738.622, 1970573.945,-6124942.269
 19.1,-2202270.329, 1970071.025,-6125271.681
 19.2,-2201802.015, 1969568.074,-6125601.016
 19.3,-2201333.681, 1969065.091,-6125930.273
 19.4,-2200865.326, 1968562.076,-6126259.453
 19.5,-2200396.952, 1968059.030,-6126588.555
 19.6,-2199928.557, 1967555.952,-6126917.580
 19.7,-2199460.141, 1967052.843,-6127246.527
 19.8,-2198991.706, 1966549.702,-6127575.396
 19.9,-2198523.250, 1966046.530,-6127904.188
 20.0,-2198054.773, 1965543.326,-6128232.903
 20.1,-2197586.277, 1965040.091,-6128561.540
 20.2,-2197117.760, 1964536.824,-6128890.099
 20.3,-2196649.223, 1964033.525,-6129218.581
 20.4,-2196180.666, 1963530.196,-6129546.985
 20.5,-2195712.088, 1963026.834,-6129875.312
 20.6,-2195243.490, 1962523.441,-6130203.561
 20.7,-2194774.872, 1962020.017,-6130531.732
 20.8,-2194306.234, 1961516.561,-6130859.826
 20.9,-2193837.575, 1961013.073,-6131187.843
 21.0,-2193368.897, 1960509.555,-6131515.782
 21.1,-2192900.198, 1960006.004,-6131843.643
 21.2,-2192431.478, 1959502.423,-6132171.427
 21.3,-2191962.739, 1958998.809,-6132499.133
 21.4,-2191493.980, 1958495.165,-6132826.761
 21.5,-2191025.200, 1957991.488,-6133154.312
 21.6,-2190556.400, 1957487.781,-6133481.785
 21.7,-2190087.580, 1956984.042,-6133809.181
 21.8,-2189618.740, 1956480.271,-6134136.499
 21.9,-2189149.879, 1955976.470,-6134463.739
 22.0,-2188680.998, 1955472.636,-6134790.902
 22.1,-2188212.098, 1954968.772,-6135117.987
 22.2,-2187743.177, 1954464.876,-6135444.995
 22.3,-2187274.236, 1953960.948,-6135771.925
 22.4,-2186805.275, 1953456.989,-6136098.777
 22.5,-2186336.293, 1952952.999,-6136425.552
 22.6,-2185867.292, 1952448.977,-6136752.249
 22.7,-2185398.270, 1951944.925,-6137078.868
 22.8,-2184929.229, 1951440.840,-6137405.410
 22.9,-2184460.167, 1950936.724,-6137731.874
 23.0,-2183991.085, 1950432.577,-6138058.260
 23.1,-2183521.983, 1949928.399,-6138384.569
 23.2,-2183052.861, 1949424.189,-6138710.800
 23.3,-2182583.719, 1948919.948,-6139036.953
 23.4,-2182114.557, 1948415.676,-6139363.029
 23.5,-2181645.375, 1947911.372,-6139689.027
 23.6,-2181176.173, 1947407.037,-6140014.947
 23.7,-2180706.951, 1946902.671,-6140340.790
 23.8,-2180237.708, 1946398.273,-6140666.555
 23.9,-2179768.446, 1945893.844,-6140992.242
 24.0,-2179299.163, 1945389.384,-6141317.852
 24.1,-2178829.861, 1944884.892,-6141643.383
 24.2,-2178360.539, 1944380.369,-6141968.837
 24.3,-2177891.196, 1943875.815,-6142294.214
 24.4,-2177421.834, 1943371.230,-6142619.512
 24.5,-2176952.451, 1942866.613,-6142944.733
 24.6,-2176483.049, 1942361.965,-6143269.877
 24.7,-2176013.626, 1941857.286,-6143594.942
 24.8,-2175544.184, 1941352.576,-6143919.930
 24.9,-2175074.722, 1940847.834,-6144244.840
 25.0,-2174605.239, 1940343.062,-6144569.672
 25.1,-2174135.737, 1939838.257,-6144894.426
 25.2,-2173666.215, 1939333.422,-6145219.103
 25.3,-2173196.673, 1938828.556,-6145543.702
 25.4,-2172727.110, 1938323.658,-6145868.223
 25.5,-2172257.528, 1937818.729,-6146192.667
 25.6,-2171787.926, 1937313.769,-6146517.033
 25.7,-2171318.304, 1936808.778,-6146841.321
 25.8,-2170848.663, 1936303.755,-6147165.531
 25.9,-2170379.001, 1935798.702,-6147489.663
 26.0,-2169909.319, 1935293.617,-6147813.718
 26.1,-2169439.618, 1934788.501,-6148137.694
 26.2,-2168969.896, 1934283.354,-6148461.593
 26.3,-2168500.155, 1933778.175,-6148785.415
 26.4,-2168030.394, 1933272.966,-6149109.158
 26.5,-2167560.613, 1932767.725,-6149432.823
 26.6,-2167090.812, 1932262.453,-6149756.411
 26.7,-2166620.991, 1931757.151,-6150079.921
 26.8,-2166151.150, 1931251.817,-6150403.353
 26.9,-2165681.290, 1930746.452,-6150726.708
 27.0,-2165211.409, 1930241.055,-6151049.984
 27.1,-2164741.509, 1929735.628,-6151373.183
 27.2,-2164271.589, 1929230.170,-6151696.304
 27.3,-2163801.650, 1928724.680,-6152019.347
 27.4,-2163331.690, 1928219.160,-6152342.312
 27.5,-2162861.711, 1927713.608,-6152665.199
 27.6,-2162391.711, 1927208.025,-6152988.009
 27.7,-2161921.692, 1926702.411,-6153310.740
 27.8,-2161451.653, 1926196.767,-6153633.394
 27.9,-2160981.595, 1925691.091,-6153955.970
 28.0,-2160511.517, 1925185.384,-6154278.468
 28.1,-2160041.418, 1924679.646,-6154600.888
 28.2,-2159571.301, 1924173.877,-6154923.230
 28.3,-2159101.163, 1923668.077,-6155245.494
 28.4,-2158631.005, 1923162.245,-6155567.681
 28.5,-2158160.828, 1922656.383,-6155889.790
 28.6,-2157690.631, 1922150.490,-6156211.820
 28.7,-2157220.415, 1921644.566,-6156533.773
 28.8,-2156750.179, 1921138.611,-6156855.648
 28.9,-2156279.923, 1920632.625,-6157177.445
 29.0,-2155809.647, 1920126.608,-6157499.164
 29.1,-2155339.351, 1919620.560,-6157820.805
 29.2,-2154869.036, 1919114.480,-6158142.369
 29.3,-2154398.701, 1918608.370,-6158463.854
 29.4,-2153928.347, 1918102.229,-6158785.261
 29.5,-2153457.973, 1917596.057,-6159106.591
 29.6,-2152987.579, 1917089.854,-6159427.843
 29.7,-2152517.165, 1916583.621,-6159749.016
 29.8,-2152046.732, 1916077.356,-6160070.112
 29.9,-2151576.279, 1915571.060,-6160391.130
 30.0,-2151105.806, 1915064.733,-6160712.069
 30.1,-2150635.314, 1914558.376,-6161032.931
 30.2,-2150164.803, 1914051.987,-6161353.715
 30.3,-2149694.271, 1913545.568,-6161674.421
 30.4,-2149223.720, 1913039.117,-6161995.049
 30.5,-2148753.149, 1912532.636,-6162315.599
 30.6,-2148282.559, 1912026.124,-6162636.071
 30.7,-2147811.949, 1911519.581,-6162956.465
 30.8,-2147341.320, 1911013.007,-6163276.781
 30.9,-2146870.671, 1910506.402,-6163597.019
 31.0,-2146400.002, 1909999.767,-6163917.179
 31.1,-2145929.314, 1909493.100,-6164237.262
 31.2,-2145458.606, 1908986.403,-6164557.266
 31.3,-2144987.879, 1908479.675,-6164877.192
 31.4,-2144517.132, 1907972.916,-6165197.040
 31.5,-2144046.365, 1907466.126,-6165516.810
 31.6,-2143575.579, 1906959.305,-6165836.502
 31.7,-2143104.774, 1906452.453,-6166156.116
 31.8,-2142633.949, 1905945.571,-6166475.652
 31.9,-2142163.104, 1905438.658,-6166795.110
 32.0,-2141692.240, 1904931.714,-6167114.490
 32.1,-2141221.356, 1904424.739,-6167433.792
 32.2,-2140750.453, 1903917.734,-6167753.016
 32.3,-2140279.530, 1903410.697,-6168072.162
 32.4,-2139808.588, 1902903.630,-6168391.230
 32.5,-2139337.627, 1902396.532,-6168710.220
 32.6,-2138866.645, 1901889.404,-6169029.131
 32.7,-2138395.645, 1901382.244,-6169347.965
 32.8,-2137924.625, 1900875.054,-6169666.721
 32.9,-2137453.585, 1900367.833,-6169985.398
 33.0,-2136982.526, 1899860.581,-6170303.998
 33.1,-2136511.448, 1899353.299,-6170622.519
 33.2,-2136040.350, 1898845.986,-6170940.963
 33.3,-2135569.233, 1898338.642,-6171259.328
 33.4,-2135098.096, 1897831.267,-6171577.615
 33.5,-2134626.940, 1897323.862,-6171895.824
 33.6,-2134155.764, 1896816.426,-6172213.955
 33.7,-2133684.569, 1896308.959,-6172532.008
 33.8,-2133213.355, 1895801.462,-6172849.983
 33.9,-2132742.121, 1895293.933,-6173167.880
 34.0,-2132270.868, 1894786.375,-6173485.698
 34.1,-2131799.595, 1894278.785,-6173803.439
 34.2,-2131328.303, 1893771.165,-6174121.101
 34.3,-2130856.992, 1893263.514,-6174438.685
 34.4,-2130385.661, 1892755.833,-6174756.191
 34.5,-2129914.311, 1892248.121,-6175073.619
 34.6,-2129442.942, 1891740.378,-6175390.969
 34.7,-2128971.553, 1891232.604,-6175708.241
 34.8,-2128500.145, 1890724.800,-6176025.434
 34.9,-2128028.717, 1890216.966,-6176342.550
 35.0,-2127557.270, 1889709.100,-6176659.587
 35.1,-2127085.804, 1889201.204,-6176976.546
 35.2,-2126614.319, 1888693.278,-6177293.427
 35.3,-2126142.814, 1888185.320,-6177610.230
 35.4,-2125671.290, 1887677.333,-6177926.955
 35.5,-2125199.747, 1887169.314,-6178243.601
 35.6,-2124728.184, 1886661.265,-6178560.170
 35.7,-2124256.602, 1886153.186,-6178876.660
 35.8,-2123785.001, 1885645.076,-6179193.072
 35.9,-2123313.381, 1885136.935,-6179509.405
 36.0,-2122841.741, 1884628.764,-6179825.661
 36.1,-2122370.082, 1884120.562,-6180141.838
 36.2,-2121898.404, 1883612.330,-6180457.938
 36.3,-2121426.706, 1883104.067,-6180773.959
 36.4,-2120954.990, 1882595.774,-6181089.901
 36.5,-2120483.254, 1882087.450,-6181405.766
 36.6,-2120011.498, 1881579.095,-6181721.552
 36.7,-2119539.724, 1881070.710,-6182037.260
 36.8,-2119067.930, 1880562.295,-6182352.890
 36.9,-2118596.118, 1880053.849,-6182668.442
 37.0,-2118124.286, 1879545.372,-6182983.915
 37.1,-2117652.434, 1879036.865,-6183299.311
 37.2,-2117180.564, 1878528.328,-6183614.628
 37.3,-2116708.674, 1878019.760,-6183929.866
 37.4,-2116236.766, 1877511.161,-6184245.027
 37.5,-2115764.838, 1877002.532,-6184560.109
 37.6,-2115292.891, 1876493.873,-6184875.113
 37.7,-2114820.924, 1875985.183,-6185190.039
 37.8,-2114348.939, 1875476.463,-6185504.887
 37.9,-2113876.934, 1874967.712,-6185819.656
 38.0,-2113404.911, 1874458.931,-6186134.347
 38.1,-2112932.868, 1873950.119,-6186448.959
 38.2,-2112460.806, 1873441.277,-6186763.494
 38.3,-2111988.725, 1872932.405,-6187077.950
 38.4,-2111516.625, 1872423.502,-6187392.328
 38.5,-2111044.505, 1871914.568,-6187706.627
 38.6,-2110572.367, 1871405.605,-6188020.849
 38.7,-2110100.210, 1870896.611,-6188334.992
 38.8,-2109628.033, 1870387.586,-6188649.056
 38.9,-2109155.838, 1869878.531,-6188963.043
 39.0,-2108683.623, 1869369.446,-6189276.951
 39.1,-2108211.389, 1868860.330,-6189590.781
 39.2,-2107739.136, 1868351.184,-6189904.532
 39.3,-2107266.864, 1867842.008,-6190218.205
 39.4,-2106794.573, 1867332.801,-6190531.800
 39.5,-2106322.263, 1866823.564,-6190845.316
 39.6,-2105849.934, 1866314.297,-6191158.755
 39.7,-2105377.586, 1865804.999,-6191472.114
 39.8,-2104905.219, 1865295.671,-6191785.396
 39.9,-2104432.833, 1864786.313,-6192098.599
 40.0,-2103960.428, 1864276.924,-6192411.724
 40.1,-2103488.004, 1863767.505,-6192724.770
 40.2,-2103015.561, 1863258.056,-6193037.738
 40.3,-2102543.099, 1862748.576,-6193350.628
 40.4,-2102070.618, 1862239.066,-6193663.439
 40.5,-2101598.118, 1861729.526,-6193976.172
 40.6,-2101125.599, 1861219.956,-6194288.827
 40.7,-2100653.061, 1860710.355,-6194601.403
 40.8,-2100180.504, 1860200.724,-6194913.901
 40.9,-2099707.928, 1859691.062,-6195226.321
 41.0,-2099235.333, 1859181.371,-6195538.662
 41.1,-2098762.719, 1858671.649,-6195850.924
 41.2,-2098290.087, 1858161.897,-6196163.109
 41.3,-2097817.435, 1857652.115,-6196475.215
 41.4,-2097344.764, 1857142.302,-6196787.242
 41.5,-2096872.075, 1856632.460,-6197099.191
 41.6,-2096399.366, 1856122.587,-6197411.062
 41.7,-2095926.639, 1855612.684,-6197722.854
 41.8,-2095453.893, 1855102.750,-6198034.568
 41.9,-2094981.128, 1854592.787,-6198346.204
 42.0,-2094508.344, 1854082.793,-6198657.761
 42.1,-2094035.541, 1853572.769,-6198969.239
 42.2,-2093562.719, 1853062.715,-6199280.639
 42.3,-2093089.879, 1852552.630,-6199591.961
 42.4,-2092617.019, 1852042.516,-6199903.204
 42.5,-2092144.141, 1851532.371,-6200214.369
 42.6,-2091671.244, 1851022.196,-6200525.456
 42.7,-2091198.328, 1850511.991,-6200836.463
 42.8,-2090725.393, 1850001.756,-6201147.393
 42.9,-2090252.440, 1849491.491,-6201458.244
 43.0,-2089779.467, 1848981.196,-6201769.016
 43.1,-2089306.476, 1848470.870,-6202079.711
 43.2,-2088833.466, 1847960.515,-6202390.326
 43.3,-2088360.437, 1847450.129,-6202700.863
 43.4,-2087887.390, 1846939.713,-6203011.322
 43.5,-2087414.323, 1846429.267,-6203321.702
 43.6,-2086941.238, 1845918.791,-6203632.004
 43.7,-2086468.134, 1845408.285,-6203942.227
 43.8,-2085995.011, 1844897.749,-6204252.372
 43.9,-2085521.870, 1844387.182,-6204562.438
 44.0,-2085048.710, 1843876.586,-6204872.426
 44.1,-2084575.531, 1843365.960,-6205182.335
 44.2,-2084102.333, 1842855.303,-6205492.165
 44.3,-2083629.116, 1842344.616,-6205801.918
 44.4,-2083155.881, 1841833.900,-6206111.591
 44.5,-2082682.627, 1841323.153,-6206421.186
 44.6,-2082209.355, 1840812.377,-6206730.703
 44.7,-2081736.063, 1840301.570,-6207040.141
 44.8,-2081262.753, 1839790.733,-6207349.500
 44.9,-2080789.424, 1839279.866,-6207658.781
 45.0,-2080316.077, 1838768.970,-6207967.984
 45.1,-2079842.711, 1838258.043,-6208277.108
 45.2,-2079369.326, 1837747.086,-6208586.153
 45.3,-2078895.923, 1837236.099,-6208895.120
 45.4,-2078422.500, 1836725.083,-6209204.008
 45.5,-2077949.060, 1836214.036,-6209512.818
 45.6,-2077475.600, 1835702.959,-6209821.549
 45.7,-2077002.122, 1835191.853,-6210130.201
 45.8,-2076528.625, 1834680.716,-6210438.775
 45.9,-2076055.110, 1834169.549,-6210747.271
 46.0,-2075581.576, 1833658.353,-6211055.687
 46.1,-2075108.023, 1833147.126,-6211364.026
 46.2,-2074634.452, 1832635.870,-6211672.285
 46.3,-2074160.862, 1832124.584,-6211980.466
 46.4,-2073687.254, 1831613.267,-6212288.569
 46.5,-2073213.627, 1831101.921,-6212596.593
 46.6,-2072739.981, 1830590.545,-6212904.538
 46.7,-2072266.317, 1830079.139,-6213212.404
 46.8,-2071792.634, 1829567.703,-6213520.192
 46.9,-2071318.933, 1829056.237,-6213827.902
 47.0,-2070845.213, 1828544.742,-6214135.533
 47.1,-2070371.474, 1828033.216,-6214443.085
 47.2,-2069897.717, 1827521.661,-6214750.558
 47.3,-2069423.942, 1827010.075,-6215057.953
 47.4,-2068950.148, 1826498.460,-6215365.269
 47.5,-2068476.335, 1825986.815,-6215672.507
 47.6,-2068002.504, 1825475.140,-6215979.666
 47.7,-2067528.654, 1824963.436,-6216286.746
 47.8,-2067054.786, 1824451.701,-6216593.748
 47.9,-2066580.899, 1823939.937,-6216900.671
 48.0,-2066106.994, 1823428.143,-6217207.515
 48.1,-2065633.071, 1822916.319,-6217514.281
 48.2,-2065159.128, 1822404.465,-6217820.968
 48.3,-2064685.168, 1821892.581,-6218127.576
 48.4,-2064211.189, 1821380.668,-6218434.106
 48.5,-2063737.191, 1820868.724,-6218740.557
 48.6,-2063263.175, 1820356.751,-6219046.929
 48.7,-2062789.141, 1819844.749,-6219353.223
 48.8,-2062315.088, 1819332.716,-6219659.438
 48.9,-2061841.016, 1818820.654,-6219965.574
 49.0,-2061366.926, 1818308.561,-6220271.632
 49.1,-2060892.818, 1817796.439,-6220577.611
 49.2,-2060418.692, 1817284.288,-6220883.511
 49.3,-2059944.546, 1816772.107,-6221189.332
 49.4,-2059470.383, 1816259.895,-6221495.075
 49.5,-2058996.201, 1815747.655,-6221800.739
 49.6,-2058522.001, 1815235.384,-6222106.324
 49.7,-2058047.782, 1814723.084,-6222411.831
 49.8,-2057573.545, 1814210.754,-6222717.259
 49.9,-2057099.290, 1813698.394,-6223022.608
 50.0,-2056625.016, 1813186.004,-6223327.878
 50.1,-2056150.724, 1812673.585,-6223633.070
 50.2,-2055676.413, 1812161.137,-6223938.182
 50.3,-2055202.084, 1811648.658,-6224243.217
 50.4,-2054727.737, 1811136.150,-6224548.172
 50.5,-2054253.371, 1810623.612,-6224853.049
 50.6,-2053778.987, 1810111.044,-6225157.846
 50.7,-2053304.585, 1809598.447,-6225462.566
 50.8,-2052830.165, 1809085.821,-6225767.206
 50.9,-2052355.726, 1808573.164,-6226071.767
 51.0,-2051881.269, 1808060.478,-6226376.250
 51.1,-2051406.793, 1807547.762,-6226680.654
 51.2,-2050932.299, 1807035.017,-6226984.980
 51.3,-2050457.787, 1806522.242,-6227289.226
 51.4,-2049983.257, 1806009.437,-6227593.394
 51.5,-2049508.708, 1805496.603,-6227897.482
 51.6,-2049034.141, 1804983.739,-6228201.493
 51.7,-2048559.556, 1804470.846,-6228505.424
 51.8,-2048084.953, 1803957.923,-6228809.276
 51.9,-2047610.331, 1803444.970,-6229113.050
 52.0,-2047135.691, 1802931.988,-6229416.745
 52.1,-2046661.033, 1802418.976,-6229720.361
 52.2,-2046186.357, 1801905.935,-6230023.898
 52.3,-2045711.662, 1801392.864,-6230327.356
 52.4,-2045236.950, 1800879.764,-6230630.736
 52.5,-2044762.219, 1800366.634,-6230934.037
 52.6,-2044287.469, 1799853.474,-6231237.258
 52.7,-2043812.702, 1799340.285,-6231540.402
 52.8,-2043337.916, 1798827.066,-6231843.466
 52.9,-2042863.113, 1798313.818,-6232146.451
 53.0,-2042388.291, 1797800.541,-6232449.358
 53.1,-2041913.450, 1797287.234,-6232752.185
 53.2,-2041438.592, 1796773.897,-6233054.934
 53.3,-2040963.716, 1796260.531,-6233357.604
 53.4,-2040488.821, 1795747.135,-6233660.195
 53.5,-2040013.908, 1795233.710,-6233962.707
 53.6,-2039538.977, 1794720.255,-6234265.140
 53.7,-2039064.028, 1794206.771,-6234567.495
 53.8,-2038589.061, 1793693.258,-6234869.770
 53.9,-2038114.076, 1793179.715,-6235171.967
 54.0,-2037639.072, 1792666.142,-6235474.085
 54.1,-2037164.051, 1792152.540,-6235776.124
 54.2,-2036689.011, 1791638.909,-6236078.084
 54.3,-2036213.954, 1791125.248,-6236379.965
 54.4,-2035738.878, 1790611.558,-6236681.767
 54.5,-2035263.784, 1790097.838,-6236983.490
 54.6,-2034788.672, 1789584.089,-6237285.135
 54.7,-2034313.542, 1789070.311,-6237586.700
 54.8,-2033838.394, 1788556.503,-6237888.187
 54.9,-2033363.228, 1788042.666,-6238189.594
 55.0,-2032888.044, 1787528.799,-6238490.923
 55.1,-2032412.841, 1787014.903,-6238792.173
 55.2,-2031937.621, 1786500.978,-6239093.344
 55.3,-2031462.383, 1785987.023,-6239394.435
 55.4,-2030987.126, 1785473.039,-6239695.448
 55.5,-2030511.852, 1784959.025,-6239996.382
 55.6,-2030036.560, 1784444.982,-6240297.237
 55.7,-2029561.249, 1783930.910,-6240598.014
 55.8,-2029085.921, 1783416.808,-6240898.711
 55.9,-2028610.575, 1782902.678,-6241199.329
 56.0,-2028135.210, 1782388.517,-6241499.868
 56.1,-2027659.828, 1781874.328,-6241800.328
 56.2,-2027184.428, 1781360.109,-6242100.710
 56.3,-2026709.009, 1780845.861,-6242401.012
 56.4,-2026233.573, 1780331.583,-6242701.235
 56.5,-2025758.119, 1779817.276,-6243001.380
 56.6,-2025282.647, 1779302.940,-6243301.445
 56.7,-2024807.157, 1778788.575,-6243601.431
 56.8,-2024331.649, 1778274.180,-6243901.339
 56.9,-2023856.123, 1777759.756,-6244201.167
 57.0,-2023380.579, 1777245.303,-6244500.916
 57.1,-2022905.017, 1776730.820,-6244800.587
 57.2,-2022429.438, 1776216.309,-6245100.178
 57.3,-2021953.840, 1775701.768,-6245399.690
 57.4,-2021478.224, 1775187.197,-6245699.124
 57.5,-2021002.591, 1774672.598,-6245998.478
 57.6,-2020526.940, 1774157.969,-6246297.753
 57.7,-2020051.271, 1773643.311,-6246596.949
 57.8,-2019575.584, 1773128.624,-6246896.067
 57.9,-2019099.879, 1772613.908,-6247195.105
 58.0,-2018624.156, 1772099.162,-6247494.064
 58.1,-2018148.416, 1771584.388,-6247792.944
 58.2,-2017672.657, 1771069.584,-6248091.745
 58.3,-2017196.881, 1770554.750,-6248390.467
 58.4,-2016721.087, 1770039.888,-6248689.110
 58.5,-2016245.275, 1769524.997,-6248987.674
 58.6,-2015769.445, 1769010.076,-6249286.158
 58.7,-2015293.597, 1768495.126,-6249584.564
 58.8,-2014817.732, 1767980.147,-6249882.891
 58.9,-2014341.849, 1767465.139,-6250181.138
 59.0,-2013865.948, 1766950.102,-6250479.307
 59.1,-2013390.029, 1766435.035,-6250777.396
 59.2,-2012914.093, 1765919.940,-6251075.407
 59.3,-2012438.138, 1765404.815,-6251373.338
 59.4,-2011962.166, 1764889.661,-6251671.190
 59.5,-2011486.176, 1764374.478,-6251968.963
 59.6,-2011010.169, 1763859.266,-6252266.657
 59.7,-2010534.143, 1763344.025,-6252564.272
 59.8,-2010058.100, 1762828.755,-6252861.808
 59.9,-2009582.040, 1762313.455,-6253159.264
 60.0,-2009105.961, 1761798.127,-6253456.642
 60.1,-2008629.865, 1761282.770,-6253753.940
 60.2,-2008153.751, 1760767.383,-6254051.160
 60.3,-2007677.619, 1760251.967,-6254348.300
 60.4,-2007201.470, 1759736.523,-6254645.361
 60.5,-2006725.302, 1759221.049,-6254942.343
 60.6,-2006249.118, 1758705.546,-6255239.246
 60.7,-2005772.915, 1758190.014,-6255536.069
 60.8,-2005296.695, 1757674.454,-6255832.814
 60.9,-2004820.457, 1757158.864,-6256129.479
 61.0,-2004344.202, 1756643.245,-6256426.065
 61.1,-2003867.929, 1756127.597,-6256722.572
 61.2,-2003391.638, 1755611.920,-6257019.000
 61.3,-2002915.329, 1755096.214,-6257315.349
 61.4,-2002439.003, 1754580.479,-6257611.618
 61.5,-2001962.659, 1754064.715,-6257907.809
 61.6,-2001486.298, 1753548.922,-6258203.920
 61.7,-2001009.919, 1753033.101,-6258499.952
 61.8,-2000533.522, 1752517.250,-6258795.905
 61.9,-2000057.108, 1752001.370,-6259091.778
 62.0,-1999580.676, 1751485.461,-6259387.573
 62.1,-1999104.227, 1750969.524,-6259683.288
 62.2,-1998627.760, 1750453.557,-6259978.924
 62.3,-1998151.275, 1749937.561,-6260274.481
 62.4,-1997674.773, 1749421.537,-6260569.958
 62.5,-1997198.254, 1748905.483,-6260865.357
 62.6,-1996721.716, 1748389.401,-6261160.676
 62.7,-1996245.161, 1747873.290,-6261455.916
 62.8,-1995768.589, 1747357.150,-6261751.077
 62.9,-1995291.999, 1746840.981,-6262046.158
 63.0,-1994815.392, 1746324.782,-6262341.161
 63.1,-1994338.767, 1745808.556,-6262636.084
 63.2,-1993862.124, 1745292.300,-6262930.928
 63.3,-1993385.464, 1744776.015,-6263225.692
 63.4,-1992908.786, 1744259.702,-6263520.378
 63.5,-1992432.091, 1743743.359,-6263814.984
 63.6,-1991955.379, 1743226.988,-6264109.511
 63.7,-1991478.649, 1742710.588,-6264403.958
 63.8,-1991001.901, 1742194.159,-6264698.327
 63.9,-1990525.136, 1741677.701,-6264992.616
 64.0,-1990048.354, 1741161.215,-6265286.826
 64.1,-1989571.554, 1740644.699,-6265580.956
 64.2,-1989094.736, 1740128.155,-6265875.008
 64.3,-1988617.901, 1739611.582,-6266168.980
 64.4,-1988141.049, 1739094.980,-6266462.872
 64.5,-1987664.179, 1738578.349,-6266756.686
 64.6,-1987187.292, 1738061.690,-6267050.420
 64.7,-1986710.387, 1737545.002,-6267344.075
 64.8,-1986233.465, 1737028.285,-6267637.651
 64.9,-1985756.526, 1736511.539,-6267931.147
 65.0,-1985279.569, 1735994.764,-6268224.564
 65.1,-1984802.594, 1735477.961,-6268517.902
 65.2,-1984325.603, 1734961.129,-6268811.160
 65.3,-1983848.594, 1734444.268,-6269104.339
 65.4,-1983371.567, 1733927.378,-6269397.439
 65.5,-1982894.523, 1733410.460,-6269690.459
 65.6,-1982417.462, 1732893.513,-6269983.401
 65.7,-1981940.384, 1732376.537,-6270276.262
 65.8,-1981463.288, 1731859.533,-6270569.045
 65.9,-1980986.174, 1731342.499,-6270861.748
 66.0,-1980509.044, 1730825.437,-6271154.372
 66.1,-1980031.896, 1730308.347,-6271446.916
 66.2,-1979554.731, 1729791.227,-6271739.381
 66.3,-1979077.548, 1729274.079,-6272031.767
 66.4,-1978600.348, 1728756.903,-6272324.074
 66.5,-1978123.131, 1728239.697,-6272616.301
 66.6,-1977645.896, 1727722.463,-6272908.448
 66.7,-1977168.644, 1727205.200,-6273200.517
 66.8,-1976691.375, 1726687.909,-6273492.506
 66.9,-1976214.089, 1726170.589,-6273784.415
 67.0,-1975736.785, 1725653.240,-6274076.245
 67.1,-1975259.464, 1725135.863,-6274367.996
 67.2,-1974782.126, 1724618.457,-6274659.668
 67.3,-1974304.770, 1724101.022,-6274951.260
 67.4,-1973827.397, 1723583.559,-6275242.772
 67.5,-1973350.007, 1723066.067,-6275534.206
 67.6,-1972872.600, 1722548.547,-6275825.560
 67.7,-1972395.175, 1722030.998,-6276116.834
 67.8,-1971917.734, 1721513.420,-6276408.029
 67.9,-1971440.275, 1720995.814,-6276699.145
 68.0,-1970962.798, 1720478.179,-6276990.181
 68.1,-1970485.305, 1719960.516,-6277281.138
 68.2,-1970007.794, 1719442.824,-6277572.015
 68.3,-1969530.267, 1718925.103,-6277862.813
 68.4,-1969052.722, 1718407.354,-6278153.532
 68.5,-1968575.159, 1717889.577,-6278444.171
 68.6,-1968097.580, 1717371.771,-6278734.731
 68.7,-1967619.984, 1716853.936,-6279025.211
 68.8,-1967142.370, 1716336.072,-6279315.612
 68.9,-1966664.739, 1715818.181,-6279605.933
 69.0,-1966187.091, 1715300.260,-6279896.175
 69.1,-1965709.426, 1714782.312,-6280186.338
 69.2,-1965231.744, 1714264.334,-6280476.421
 69.3,-1964754.044, 1713746.328,-6280766.424
 69.4,-1964276.328, 1713228.294,-6281056.349
 69.5,-1963798.594, 1712710.231,-6281346.193
 69.6,-1963320.843, 1712192.140,-6281635.958
 69.7,-1962843.075, 1711674.020,-6281925.644
 69.8,-1962365.290, 1711155.872,-6282215.250
 69.9,-1961887.488, 1710637.695,-6282504.777
 70.0,-1961409.669, 1710119.490,-6282794.224
 70.1,-1960931.833, 1709601.257,-6283083.592
 70.2,-1960453.979, 1709082.995,-6283372.880
 70.3,-1959976.109, 1708564.704,-6283662.089
 70.4,-1959498.221, 1708046.385,-6283951.219
 70.5,-1959020.317, 1707528.038,-6284240.268
 70.6,-1958542.395, 1707009.662,-6284529.239
 70.7,-1958064.457, 1706491.258,-6284818.129
 70.8,-1957586.501, 1705972.825,-6285106.941
 70.9,-1957108.528, 1705454.364,-6285395.672
 71.0,-1956630.539, 1704935.875,-6285684.325
 71.1,-1956152.532, 1704417.357,-6285972.897
 71.2,-1955674.508, 1703898.811,-6286261.390
 71.3,-1955196.467, 1703380.236,-6286549.804
 71.4,-1954718.410, 1702861.633,-6286838.138
 71.5,-1954240.335, 1702343.002,-6287126.393
 71.6,-1953762.243, 1701824.342,-6287414.568
 71.7,-1953284.134, 1701305.654,-6287702.663
 71.8,-1952806.009, 1700786.938,-6287990.679
 71.9,-1952327.866, 1700268.193,-6288278.616
 72.0,-1951849.707, 1699749.420,-6288566.472
 72.1,-1951371.530, 1699230.619,-6288854.250
 72.2,-1950893.336, 1698711.789,-6289141.947
 72.3,-1950415.126, 1698192.931,-6289429.565
 72.4,-1949936.899, 1697674.045,-6289717.104
 72.5,-1949458.654, 1697155.130,-6290004.563
 72.6,-1948980.393, 1696636.188,-6290291.942
 72.7,-1948502.115, 1696117.216,-6290579.242
 72.8,-1948023.820, 1695598.217,-6290866.462
 72.9,-1947545.508, 1695079.189,-6291153.603
 73.0,-1947067.179, 1694560.133,-6291440.664
 73.1,-1946588.833, 1694041.049,-6291727.645
 73.2,-1946110.471, 1693521.936,-6292014.547
 73.3,-1945632.091, 1693002.796,-6292301.370
 73.4,-1945153.695, 1692483.627,-6292588.112
 73.5,-1944675.282, 1691964.429,-6292874.775
 73.6,-1944196.851, 1691445.204,-6293161.359
 73.7,-1943718.405, 1690925.950,-6293447.862
 73.8,-1943239.941, 1690406.668,-6293734.287
 73.9,-1942761.460, 1689887.358,-6294020.631
 74.0,-1942282.963, 1689368.020,-6294306.896
 74.1,-1941804.448, 1688848.653,-6294593.081
 74.2,-1941325.917, 1688329.259,-6294879.187
 74.3,-1940847.369, 1687809.836,-6295165.213
 74.4,-1940368.805, 1687290.384,-6295451.159
 74.5,-1939890.223, 1686770.905,-6295737.026
 74.6,-1939411.625, 1686251.398,-6296022.813
 74.7,-1938933.010, 1685731.862,-6296308.520
 74.8,-1938454.378, 1685212.298,-6296594.148
 74.9,-1937975.729, 1684692.706,-6296879.696
 75.0,-1937497.064, 1684173.086,-6297165.165
 75.1,-1937018.382, 1683653.438,-6297450.553
 75.2,-1936539.683, 1683133.762,-6297735.862
 75.3,-1936060.967, 1682614.057,-6298021.092
 75.4,-1935582.235, 1682094.325,-6298306.242
 75.5,-1935103.485, 1681574.564,-6298591.312
 75.6,-1934624.720, 1681054.775,-6298876.302
 75.7,-1934145.937, 1680534.958,-6299161.213
 75.8,-1933667.138, 1680015.113,-6299446.043
 75.9,-1933188.322, 1679495.240,-6299730.795
 76.0,-1932709.489, 1678975.339,-6300015.466
 76.1,-1932230.639, 1678455.410,-6300300.058
 76.2,-1931751.773, 1677935.452,-6300584.570
 76.3,-1931272.890, 1677415.467,-6300869.003
 76.4,-1930793.991, 1676895.454,-6301153.355
 76.5,-1930315.075, 1676375.412,-6301437.628
 76.6,-1929836.142, 1675855.343,-6301721.822
 76.7,-1929357.192, 1675335.245,-6302005.935
 76.8,-1928878.226, 1674815.119,-6302289.969
 76.9,-1928399.244, 1674294.966,-6302573.923
 77.0,-1927920.244, 1673774.784,-6302857.798
 77.1,-1927441.228, 1673254.574,-6303141.592
 77.2,-1926962.195, 1672734.337,-6303425.307
 77.3,-1926483.146, 1672214.071,-6303708.942
 77.4,-1926004.080, 1671693.777,-6303992.497
 77.5,-1925524.998, 1671173.456,-6304275.973
 77.6,-1925045.899, 1670653.106,-6304559.369
 77.7,-1924566.783, 1670132.729,-6304842.685
 77.8,-1924087.651, 1669612.323,-6305125.921
 77.9,-1923608.502, 1669091.889,-6305409.078
 78.0,-1923129.336, 1668571.428,-6305692.155
 78.1,-1922650.154, 1668050.939,-6305975.152
 78.2,-1922170.956, 1667530.421,-6306258.069
 78.3,-1921691.741, 1667009.876,-6306540.906
 78.4,-1921212.509, 1666489.303,-6306823.664
 78.5,-1920733.261, 1665968.701,-6307106.342
 78.6,-1920253.996, 1665448.072,-6307388.940
 78.7,-1919774.715, 1664927.415,-6307671.458
 78.8,-1919295.417, 1664406.731,-6307953.897
 78.9,-1918816.102, 1663886.018,-6308236.255
 79.0,-1918336.772, 1663365.277,-6308518.534
 79.1,-1917857.424, 1662844.508,-6308800.733
 79.2,-1917378.061, 1662323.712,-6309082.852
 79.3,-1916898.680, 1661802.888,-6309364.892
 79.4,-1916419.283, 1661282.035,-6309646.851
 79.5,-1915939.870, 1660761.155,-6309928.731
 79.6,-1915460.440, 1660240.247,-6310210.531
 79.7,-1914980.994, 1659719.312,-6310492.251
 79.8,-1914501.531, 1659198.348,-6310773.891
 79.9,-1914022.052, 1658677.357,-6311055.452
 80.0,-1913542.557, 1658156.337,-6311336.932
 80.1,-1913063.045, 1657635.290,-6311618.333
 80.2,-1912583.516, 1657114.215,-6311899.654
 80.3,-1912103.971, 1656593.113,-6312180.895
 80.4,-1911624.410, 1656071.982,-6312462.056
 80.5,-1911144.832, 1655550.824,-6312743.137
 80.6,-1910665.238, 1655029.638,-6313024.139
 80.7,-1910185.628, 1654508.424,-6313305.060
 80.8,-1909706.001, 1653987.182,-6313585.902
 80.9,-1909226.357, 1653465.913,-6313866.664
 81.0,-1908746.698, 1652944.615,-6314147.346
 81.1,-1908267.022, 1652423.290,-6314427.948
 81.2,-1907787.329, 1651901.938,-6314708.470
 81.3,-1907307.621, 1651380.557,-6314988.912
 81.4,-1906827.895, 1650859.149,-6315269.275
 81.5,-1906348.154, 1650337.713,-6315549.557
 81.6,-1905868.396, 1649816.249,-6315829.760
 81.7,-1905388.622, 1649294.758,-6316109.882
 81.8,-1904908.831, 1648773.239,-6316389.925
 81.9,-1904429.025, 1648251.692,-6316669.888
 82.0,-1903949.201, 1647730.117,-6316949.771
 82.1,-1903469.362, 1647208.515,-6317229.574
 82.2,-1902989.506, 1646686.885,-6317509.297
 82.3,-1902509.634, 1646165.228,-6317788.940
 82.4,-1902029.746, 1645643.542,-6318068.504
 82.5,-1901549.841, 1645121.829,-6318347.987
 82.6,-1901069.920, 1644600.089,-6318627.390
 82.7,-1900589.983, 1644078.321,-6318906.714
 82.8,-1900110.030, 1643556.525,-6319185.957
 82.9,-1899630.060, 1643034.701,-6319465.121
 83.0,-1899150.074, 1642512.850,-6319744.204
 83.1,-1898670.072, 1641990.971,-6320023.208
 83.2,-1898190.053, 1641469.065,-6320302.132
 83.3,-1897710.019, 1640947.130,-6320580.976
 83.4,-1897229.968, 1640425.169,-6320859.739
 83.5,-1896749.901, 1639903.179,-6321138.423
 83.6,-1896269.817, 1639381.162,-6321417.027
 83.7,-1895789.718, 1638859.118,-6321695.551
 83.8,-1895309.602, 1638337.046,-6321973.995
 83.9,-1894829.470, 1637814.946,-6322252.359
 84.0,-1894349.322, 1637292.819,-6322530.642
 84.1,-1893869.158, 1636770.664,-6322808.846
 84.2,-1893388.977, 1636248.482,-6323086.970
 84.3,-1892908.780, 1635726.272,-6323365.014
 84.4,-1892428.568, 1635204.034,-6323642.978
 84.5,-1891948.339, 1634681.769,-6323920.862
 84.6,-1891468.093, 1634159.476,-6324198.666
 84.7,-1890987.832, 1633637.156,-6324476.390
 84.8,-1890507.555, 1633114.809,-6324754.034
 84.9,-1890027.261, 1632592.433,-6325031.598
 85.0,-1889546.952, 1632070.031,-6325309.082
 85.1,-1889066.626, 1631547.601,-6325586.485
 85.2,-1888586.284, 1631025.143,-6325863.809
 85.3,-1888105.926, 1630502.658,-6326141.053
 85.4,-1887625.552, 1629980.145,-6326418.217
 85.5,-1887145.162, 1629457.605,-6326695.301
 85.6,-1886664.756, 1628935.037,-6326972.304
 85.7,-1886184.333, 1628412.442,-6327249.228
 85.8,-1885703.895, 1627889.819,-6327526.071
 85.9,-1885223.440, 1627367.169,-6327802.835
 86.0,-1884742.970, 1626844.492,-6328079.518
 86.1,-1884262.483, 1626321.787,-6328356.122
 86.2,-1883781.980, 1625799.055,-6328632.645
 86.3,-1883301.462, 1625276.295,-6328909.089
 86.4,-1882820.927, 1624753.508,-6329185.452
 86.5,-1882340.376, 1624230.693,-6329461.735
 86.6,-1881859.810, 1623707.851,-6329737.938
 86.7,-1881379.227, 1623184.982,-6330014.061
 86.8,-1880898.628, 1622662.085,-6330290.104
 86.9,-1880418.013, 1622139.161,-6330566.067
 87.0,-1879937.382, 1621616.209,-6330841.949
 87.1,-1879456.736, 1621093.230,-6331117.752
 87.2,-1878976.073, 1620570.223,-6331393.475
 87.3,-1878495.394, 1620047.190,-6331669.117
 87.4,-1878014.699, 1619524.129,-6331944.679
 87.5,-1877533.989, 1619001.040,-6332220.162
 87.6,-1877053.262, 1618477.924,-6332495.564
 87.7,-1876572.520, 1617954.781,-6332770.886
 87.8,-1876091.761, 1617431.611,-6333046.128
 87.9,-1875610.987, 1616908.413,-6333321.289
 88.0,-1875130.196, 1616385.188,-6333596.371
 88.1,-1874649.390, 1615861.935,-6333871.373
 88.2,-1874168.568, 1615338.655,-6334146.294
 88.3,-1873687.730, 1614815.348,-6334421.135
 88.4,-1873206.876, 1614292.014,-6334695.896
 88.5,-1872726.006, 1613768.652,-6334970.577
 88.6,-1872245.120, 1613245.263,-6335245.178
 88.7,-1871764.218, 1612721.847,-6335519.699
 88.8,-1871283.301, 1612198.404,-6335794.139
 88.9,-1870802.367, 1611674.933,-6336068.500
 89.0,-1870321.418, 1611151.435,-6336342.780
 89.1,-1869840.453, 1610627.910,-6336616.980
 89.2,-1869359.472, 1610104.357,-6336891.100
 89.3,-1868878.475, 1609580.777,-6337165.140
 89.4,-1868397.462, 1609057.170,-6337439.099
 89.5,-1867916.433, 1608533.536,-6337712.978
 89.6,-1867435.389, 1608009.875,-6337986.778
 89.7,-1866954.329, 1607486.186,-6338260.497
 89.8,-1866473.253, 1606962.470,-6338534.135
 89.9,-1865992.161, 1606438.727,-6338807.694
 90.0,-1865511.053, 1605914.957,-6339081.173
 90.1,-1865029.930, 1605391.159,-6339354.571
 90.2,-1864548.791, 1604867.334,-6339627.889
 90.3,-1864067.636, 1604343.483,-6339901.127
 90.4,-1863586.465, 1603819.604,-6340174.284
 90.5,-1863105.278, 1603295.697,-6340447.362
 90.6,-1862624.076, 1602771.764,-6340720.359
 90.7,-1862142.858, 1602247.804,-6340993.276
 90.8,-1861661.624, 1601723.816,-6341266.113
 90.9,-1861180.375, 1601199.801,-6341538.869
 91.0,-1860699.109, 1600675.759,-6341811.545
 91.1,-1860217.828, 1600151.690,-6342084.141
 91.2,-1859736.531, 1599627.594,-6342356.657
 91.3,-1859255.219, 1599103.471,-6342629.093
 91.4,-1858773.891, 1598579.321,-6342901.448
 91.5,-1858292.547, 1598055.143,-6343173.723
 91.6,-1857811.187, 1597530.939,-6343445.918
 91.7,-1857329.812, 1597006.707,-6343718.033
 91.8,-1856848.421, 1596482.448,-6343990.067
 91.9,-1856367.014, 1595958.162,-6344262.021
 92.0,-1855885.592, 1595433.850,-6344533.895
 92.1,-1855404.154, 1594909.510,-6344805.689
 92.2,-1854922.701, 1594385.143,-6345077.402
 92.3,-1854441.231, 1593860.749,-6345349.035
 92.4,-1853959.746, 1593336.327,-6345620.588
 92.5,-1853478.246, 1592811.879,-6345892.060
 92.6,-1852996.730, 1592287.404,-6346163.453
 92.7,-1852515.198, 1591762.902,-6346434.764
 92.8,-1852033.650, 1591238.373,-6346705.996
 92.9,-1851552.087, 1590713.817,-6346977.147
 93.0,-1851070.508, 1590189.233,-6347248.218
 93.1,-1850588.914, 1589664.623,-6347519.209
 93.2,-1850107.304, 1589139.986,-6347790.120
 93.3,-1849625.679, 1588615.322,-6348060.950
 93.4,-1849144.038, 1588090.631,-6348331.699
 93.5,-1848662.381, 1587565.912,-6348602.369
 93.6,-1848180.709, 1587041.167,-6348872.958
 93.7,-1847699.021, 1586516.395,-6349143.467
 93.8,-1847217.318, 1585991.596,-6349413.896
 93.9,-1846735.599, 1585466.770,-6349684.244
 94.0,-1846253.865, 1584941.917,-6349954.512
 94.1,-1845772.115, 1584417.037,-6350224.699
 94.2,-1845290.349, 1583892.131,-6350494.806
 94.3,-1844808.568, 1583367.197,-6350764.833
 94.4,-1844326.772, 1582842.236,-6351034.780
 94.5,-1843844.960, 1582317.249,-6351304.646
 94.6,-1843363.132, 1581792.234,-6351574.432
 94.7,-1842881.289, 1581267.193,-6351844.137
 94.8,-1842399.430, 1580742.125,-6352113.762
 94.9,-1841917.556, 1580217.030,-6352383.307
 95.0,-1841435.667, 1579691.908,-6352652.771
 95.1,-1840953.762, 1579166.759,-6352922.155
 95.2,-1840471.841, 1578641.583,-6353191.459
 95.3,-1839989.906, 1578116.380,-6353460.682
 95.4,-1839507.954, 1577591.151,-6353729.825
 95.5,-1839025.987, 1577065.895,-6353998.888
 95.6,-1838544.005, 1576540.612,-6354267.870
 95.7,-1838062.007, 1576015.302,-6354536.772
 95.8,-1837579.994, 1575489.965,-6354805.593
 95.9,-1837097.966, 1574964.601,-6355074.334
 96.0,-1836615.922, 1574439.211,-6355342.994
 96.1,-1836133.863, 1573913.794,-6355611.575
 96.2,-1835651.788, 1573388.350,-6355880.074
 96.3,-1835169.698, 1572862.879,-6356148.494
 96.4,-1834687.592, 1572337.381,-6356416.833
 96.5,-1834205.471, 1571811.857,-6356685.091
 96.6,-1833723.335, 1571286.306,-6356953.269
 96.7,-1833241.183, 1570760.728,-6357221.367
 96.8,-1832759.016, 1570235.123,-6357489.384
 96.9,-1832276.834, 1569709.491,-6357757.321
 97.0,-1831794.636, 1569183.833,-6358025.177
 97.1,-1831312.423, 1568658.148,-6358292.953
 97.2,-1830830.195, 1568132.437,-6358560.649
 97.3,-1830347.951, 1567606.698,-6358828.264
 97.4,-1829865.692, 1567080.933,-6359095.798
 97.5,-1829383.417, 1566555.141,-6359363.253
 97.6,-1828901.128, 1566029.323,-6359630.626
 97.7,-1828418.823, 1565503.477,-6359897.920
 97.8,-1827936.502, 1564977.605,-6360165.132
 97.9,-1827454.167, 1564451.707,-6360432.265
 98.0,-1826971.816, 1563925.781,-6360699.317
 98.1,-1826489.450, 1563399.829,-6360966.288
 98.2,-1826007.068, 1562873.850,-6361233.179
 98.3,-1825524.672, 1562347.845,-6361499.989
 98.4,-1825042.260, 1561821.813,-6361766.719
 98.5,-1824559.833, 1561295.754,-6362033.369
 98.6,-1824077.390, 1560769.669,-6362299.938
 98.7,-1823594.932, 1560243.557,-6362566.426
 98.8,-1823112.459, 1559717.418,-6362832.834
 98.9,-1822629.971, 1559191.253,-6363099.162
 99.0,-1822147.468, 1558665.061,-6363365.409
 99.1,-1821664.949, 1558138.843,-6363631.575
 99.2,-1821182.415, 1557612.598,-6363897.661
 99.3,-1820699.866, 1557086.326,-6364163.667
 99.4,-1820217.302, 1556560.027,-6364429.592
 99.5,-1819734.723, 1556033.703,-6364695.436
 99.6,-1819252.128, 1555507.351,-6364961.200
 99.7,-1818769.519, 1554980.973,-6365226.884
 99.8,-1818286.894, 1554454.568,-6365492.487
 99.9,-1817804.254, 1553928.137,-6365758.009
100.0,-1817321.598, 1553401.679,-6366023.451
100.1,-1816838.928, 1552875.195,-6366288.812
100.2,-1816356.242, 1552348.684,-6366554.093
100.3,-1815873.542, 1551822.147,-6366819.293
100.4,-1815390.826, 1551295.583,-6367084.413
100.5,-1814908.095, 1550768.992,-6367349.452
100.6,-1814425.349, 1550242.375,-6367614.411
100.7,-1813942.588, 1549715.732,-6367879.289
100.8,-1813459.811, 1549189.062,-6368144.086
100.9,-1812977.020, 1548662.365,-6368408.803
101.0,-1812494.214, 1548135.642,-6368673.439
101.1,-1812011.392, 1547608.893,-6368937.995
101.2,-1811528.556, 1547082.117,-6369202.470
101.3,-1811045.704, 1546555.315,-6369466.865
101.4,-1810562.837, 1546028.486,-6369731.179
101.5,-1810079.955, 1545501.630,-6369995.412
101.6,-1809597.058, 1544974.748,-6370259.565
101.7,-1809114.147, 1544447.840,-6370523.638
101.8,-1808631.220, 1543920.905,-6370787.629
101.9,-1808148.278, 1543393.944,-6371051.540
102.0,-1807665.321, 1542866.957,-6371315.371
102.1,-1807182.348, 1542339.943,-6371579.121
102.2,-1806699.361, 1541812.902,-6371842.790
102.3,-1806216.359, 1541285.835,-6372106.379
102.4,-1805733.342, 1540758.742,-6372369.887
102.5,-1805250.310, 1540231.622,-6372633.314
102.6,-1804767.263, 1539704.476,-6372896.661
102.7,-1804284.201, 1539177.304,-6373159.927
102.8,-1803801.124, 1538650.105,-6373423.113
102.9,-1803318.032, 1538122.880,-6373686.218
103.0,-1802834.925, 1537595.628,-6373949.242
103.1,-1802351.803, 1537068.350,-6374212.186
103.2,-1801868.666, 1536541.046,-6374475.049
103.3,-1801385.515, 1536013.716,-6374737.831
103.4,-1800902.348, 1535486.359,-6375000.533
103.5,-1800419.166, 1534958.975,-6375263.154
103.6,-1799935.970, 1534431.566,-6375525.694
103.7,-1799452.758, 1533904.130,-6375788.154
103.8,-1798969.532, 1533376.667,-6376050.533
103.9,-1798486.291, 1532849.179,-6376312.832
104.0,-1798003.034, 1532321.664,-6376575.050
104.1,-1797519.763, 1531794.123,-6376837.187
104.2,-1797036.477, 1531266.555,-6377099.243
104.3,-1796553.176, 1530738.962,-6377361.219
104.4,-1796069.861, 1530211.342,-6377623.114
104.5,-1795586.530, 1529683.695,-6377884.928
104.6,-1795103.184, 1529156.023,-6378146.662
104.7,-1794619.824, 1528628.324,-6378408.315
104.8,-1794136.449, 1528100.599,-6378669.888
104.9,-1793653.059, 1527572.848,-6378931.379
105.0,-1793169.654, 1527045.070,-6379192.790
105.1,-1792686.234, 1526517.266,-6379454.120
105.2,-1792202.800, 1525989.436,-6379715.370
105.3,-1791719.351, 1525461.580,-6379976.539
105.4,-1791235.887, 1524933.698,-6380237.627
105.5,-1790752.408, 1524405.789,-6380498.634
105.6,-1790268.914, 1523877.854,-6380759.561
105.7,-1789785.405, 1523349.893,-6381020.407
105.8,-1789301.882, 1522821.906,-6381281.172
105.9,-1788818.344, 1522293.893,-6381541.857
106.0,-1788334.791, 1521765.853,-6381802.460
106.1,-1787851.224, 1521237.787,-6382062.984
106.2,-1787367.641, 1520709.695,-6382323.426
106.3,-1786884.044, 1520181.577,-6382583.787
106.4,-1786400.432, 1519653.433,-6382844.068
106.5,-1785916.806, 1519125.263,-6383104.268
106.6,-1785433.164, 1518597.066,-6383364.388
106.7,-1784949.508, 1518068.843,-6383624.426
106.8,-1784465.838, 1517540.595,-6383884.384
106.9,-1783982.152, 1517012.320,-6384144.261
107.0,-1783498.452, 1516484.019,-6384404.057
107.1,-1783014.737, 1515955.692,-6384663.773
107.2,-1782531.008, 1515427.339,-6384923.408
107.3,-1782047.263, 1514898.959,-6385182.962
107.4,-1781563.504, 1514370.554,-6385442.435
107.5,-1781079.731, 1513842.123,-6385701.827
107.6,-1780595.943, 1513313.665,-6385961.139
107.7,-1780112.140, 1512785.182,-6386220.370
107.8,-1779628.322, 1512256.672,-6386479.520
107.9,-1779144.490, 1511728.136,-6386738.589
108.0,-1778660.643, 1511199.575,-6386997.577
108.1,-1778176.781, 1510670.987,-6387256.485
108.2,-1777692.905, 1510142.373,-6387515.312
108.3,-1777209.015, 1509613.733,-6387774.058
108.4,-1776725.109, 1509085.067,-6388032.723
108.5,-1776241.189, 1508556.375,-6388291.308
108.6,-1775757.255, 1508027.658,-6388549.811
108.7,-1775273.306, 1507498.914,-6388808.234
108.8,-1774789.342, 1506970.144,-6389066.576
108.9,-1774305.364, 1506441.348,-6389324.837
109.0,-1773821.371, 1505912.526,-6389583.017
109.1,-1773337.363, 1505383.678,-6389841.117
109.2,-1772853.341, 1504854.805,-6390099.135
109.3,-1772369.304, 1504325.905,-6390357.073
109.4,-1771885.253, 1503796.979,-6390614.930
109.5,-1771401.188, 1503268.028,-6390872.706
109.6,-1770917.107, 1502739.050,-6391130.402
109.7,-1770433.013, 1502210.046,-6391388.016
109.8,-1769948.903, 1501681.017,-6391645.549
109.9,-1769464.780, 1501151.962,-6391903.002
110.0,-1768980.641, 1500622.880,-6392160.374
110.1,-1768496.488, 1500093.773,-6392417.665
110.2,-1768012.321, 1499564.640,-6392674.875
110.3,-1767528.139, 1499035.481,-6392932.004
110.4,-1767043.943, 1498506.296,-6393189.053
110.5,-1766559.732, 1497977.085,-6393446.020
110.6,-1766075.507, 1497447.849,-6393702.907
110.7,-1765591.267, 1496918.586,-6393959.712
110.8,-1765107.013, 1496389.298,-6394216.437
110.9,-1764622.745, 1495859.984,-6394473.081
111.0,-1764138.462, 1495330.643,-6394729.644
111.1,-1763654.164, 1494801.277,-6394986.126
111.2,-1763169.852, 1494271.886,-6395242.527
111.3,-1762685.526, 1493742.468,-6395498.848
111.4,-1762201.185, 1493213.025,-6395755.087
111.5,-1761716.830, 1492683.555,-6396011.246
111.6,-1761232.460, 1492154.060,-6396267.323
111.7,-1760748.076, 1491624.539,-6396523.320
111.8,-1760263.678, 1491094.993,-6396779.236
111.9,-1759779.265, 1490565.420,-6397035.070
112.0,-1759294.838, 1490035.822,-6397290.824
112.1,-1758810.396, 1489506.198,-6397546.497
112.2,-1758325.940, 1488976.548,-6397802.089
112.3,-1757841.470, 1488446.872,-6398057.600
112.4,-1757356.985, 1487917.171,-6398313.031
112.5,-1756872.486, 1487387.444,-6398568.380
112.6,-1756387.973, 1486857.691,-6398823.648
112.7,-1755903.446, 1486327.912,-6399078.835
112.8,-1755418.904, 1485798.108,-6399333.942
112.9,-1754934.347, 1485268.278,-6399588.967
113.0,-1754449.777, 1484738.422,-6399843.912
113.1,-1753965.192, 1484208.541,-6400098.775
113.2,-1753480.592, 1483678.633,-6400353.558
113.3,-1752995.979, 1483148.700,-6400608.259
113.4,-1752511.351, 1482618.742,-6400862.880
113.5,-1752026.709, 1482088.757,-6401117.419
113.6,-1751542.053, 1481558.747,-6401371.878
113.7,-1751057.382, 1481028.712,-6401626.256
113.8,-1750572.697, 1480498.650,-6401880.552
113.9,-1750087.998, 1479968.563,-6402134.768
114.0,-1749603.284, 1479438.451,-6402388.903
114.1,-1749118.557, 1478908.312,-6402642.956
114.2,-1748633.815, 1478378.148,-6402896.929
114.3,-1748149.059, 1477847.959,-6403150.821
114.4,-1747664.288, 1477317.743,-6403404.631
114.5,-1747179.504, 1476787.502,-6403658.361
114.6,-1746694.705, 1476257.236,-6403912.010
114.7,-1746209.892, 1475726.944,-6404165.577
114.8,-1745725.065, 1475196.626,-6404419.064
114.9,-1745240.223, 1474666.283,-6404672.469
115.0,-1744755.367, 1474135.914,-6404925.794
115.1,-1744270.498, 1473605.519,-6405179.038
115.2,-1743785.614, 1473075.099,-6405432.200
115.3,-1743300.716, 1472544.653,-6405685.282
115.4,-1742815.803, 1472014.182,-6405938.282
115.5,-1742330.877, 1471483.685,-6406191.202
115.6,-1741845.936, 1470953.163,-6406444.040
115.7,-1741360.982, 1470422.615,-6406696.797
115.8,-1740876.013, 1469892.042,-6406949.474
115.9,-1740391.030, 1469361.443,-6407202.069
116.0,-1739906.032, 1468830.818,-6407454.583
116.1,-1739421.021, 1468300.168,-6407707.016
116.2,-1738935.996, 1467769.492,-6407959.368
116.3,-1738450.956, 1467238.791,-6408211.639
116.4,-1737965.903, 1466708.065,-6408463.829
116.5,-1737480.835, 1466177.313,-6408715.938
116.6,-1736995.753, 1465646.535,-6408967.966
116.7,-1736510.658, 1465115.732,-6409219.912
116.8,-1736025.548, 1464584.904,-6409471.778
116.9,-1735540.424, 1464054.049,-6409723.562
117.0,-1735055.286, 1463523.170,-6409975.266
117.1,-1734570.134, 1462992.265,-6410226.888
117.2,-1734084.968, 1462461.335,-6410478.430
117.3,-1733599.788, 1461930.379,-6410729.890
117.4,-1733114.593, 1461399.398,-6410981.269
117.5,-1732629.385, 1460868.391,-6411232.567
117.6,-1732144.163, 1460337.359,-6411483.784
117.7,-1731658.927, 1459806.301,-6411734.919
117.8,-1731173.677, 1459275.218,-6411985.974
117.9,-1730688.412, 1458744.110,-6412236.947
118.0,-1730203.134, 1458212.976,-6412487.840
118.1,-1729717.842, 1457681.817,-6412738.651
118.2,-1729232.536, 1457150.632,-6412989.381
118.3,-1728747.215, 1456619.422,-6413240.030
118.4,-1728261.881, 1456088.187,-6413490.598
118.5,-1727776.533, 1455556.926,-6413741.085
118.6,-1727291.171, 1455025.640,-6413991.491
118.7,-1726805.795, 1454494.329,-6414241.815
118.8,-1726320.405, 1453962.992,-6414492.058
118.9,-1725835.001, 1453431.630,-6414742.221
119.0,-1725349.583, 1452900.243,-6414992.302
119.1,-1724864.152, 1452368.830,-6415242.302
119.2,-1724378.706, 1451837.392,-6415492.220
119.3,-1723893.247, 1451305.928,-6415742.058
119.4,-1723407.773, 1450774.440,-6415991.814
119.5,-1722922.286, 1450242.926,-6416241.490
119.6,-1722436.784, 1449711.386,-6416491.084
119.7,-1721951.269, 1449179.822,-6416740.596
119.8,-1721465.740, 1448648.232,-6416990.028
119.9,-1720980.198, 1448116.617,-6417239.379
